supplierId,
11ef54b47b16c13093223b8cbc33556a,
11ef54abd7644bf093223b8cbc33556a,
11ef2a49de5200b09aebc9d563f34c17,
11ef328c96d5f7f085a5c39d99fbcca8,
11ee0aaf7c885c90b3ca1db108b4dfef,
11ef517ae565f8e091e251553a3ed66e,
,
,
,
,
,
,
,
,
,
,
,
,
,
,
,
,
,
,
,
,
,
,
,
,
,
,
,
,
,
,
,
,
,
,
,
,
,
,
,
,
,
,
,
,
,
,
,
,
,
,
,
,
,
,
,
,
,
,
,
,
,
,
,
,
,
,
,
,
,
,
,
,
,
,
,
,
,
,
,
,
,
,
,
,
,
,
,
,
,
,
,
,
,
,
,
,
,
,
,
,
,
,
,
,
,
,
,
,
,
,
,
,
,
,
,
,
,
,
,
,
,
,
,
,
,
,
,
,
,
,
,
,
,
,
,
,
,"no alerts, no AR"
,
,
,
,
,"no alerts, no AR"
,"no alerts, no AR"
,
,
,"no alerts, no AR"
,
,
,
,
,
,
,"no alerts, no AR"
,
,
,
,
,
,"no alerts, no AR"
,
,
,"no alerts, no AR"
